"序号","产品
编码","条码","中文品名","图片","规格型号","产地","单位","一盒
数量","单泡价格
/RP","单价
/RMB","一盒单价/RP","备注","批量拿货价","成本价","","","","","","","","","","",""
"1 ","C1011","6976627610080 ","熟香铁观音","","250g","福建安溪","盒","30 ","99,000","850¥","1,699,000","叶底肥厚，  耐泡度强安溪熟香铁观音，  是一款独具特色的茶
叶。  经过时间的转化，  其香气馥郁，  让人沉醉。  在口感上，
这款茶叶醇厚而回甘，  每一口都能感受到其独特的韵味。  在
冲泡时，  茶叶能够耐泡度强，  每一泡都能够呈现出不同的口
                                     感与香气。","Rp637,125","Rp849,500","","","","","","","","","","",""
"2 ","C1012","6976627610141 ","熟香铁观音","","500g","福建安溪","盒","60 ","39,000","700¥","1,399,000","安溪熟香铁观音的叶底肥厚，  经过长时间的陈化与烘烤，  茶
叶中的物质被充分保留。  在冲泡时，  茶叶能够耐泡度强，  每
一泡都能够呈现出不同的口感与香气。  无论是品饮还是收
                            藏，  都是不错的选择。","Rp524,625","Rp699,500","","","","","","","","","","",""
"3 ","C1021","6976627610189 ","清香铁观音","","250g","福建安溪","盒","30 ","99,000","850¥","1,699,000","香气高扬持久，  有兰花香、  栀子花香，  让人陶醉其中。   口感
鲜醇高爽，  观音韵明显，  回甘强，  耐泡，  能够经受多次冲泡
而不失其风味。","Rp637,125","Rp849,500","","","","","","","","","","",""
"4 ","C1022","6976627610158 ","清香铁观音","","500g","福建安溪","盒","60 ","39,000","700¥","1,399,000","   口感比较清淡、  舌尖略带微甜，  颜色翠绿，  汤水清澈，  香
   气馥郁，  花香明显，   口味醇正。","Rp524,625","Rp699,500","","","","","","","","","","",""
"5 ","C1031","6976627610226 ","浓香铁观音","","250g","福建安溪","盒","30 ","99,000","850¥","1,699,000","浓香铁观音，  味足香浓，  水路甘甜，  花果香十足。","Rp637,125","Rp849,500","","","","","","","","","","",""
"6 ","C1032","6976627610011 ","浓香铁观音","","500g","福建安溪","盒","60 ","39,000","700¥","1,399,000",",  具有独特的“醇、  厚、  甘、  润”的口感特点。  其香气浓
郁，  带有花蜜香，   口感醇厚味甜。","Rp524,625","Rp699,500","","","","","","","","","","",""
"7 ","C1033","6976627610295 ","铁观音","","500g","福建安溪","盒","60 ","29,000","300¥","600,000","既有绿茶的清香，  又有红茶的甘醇。  叶底明亮，  香高韵长，
茶香高韵长，  回甘强，  汤色金黄透亮。","Rp225,000","Rp300,000","","","","","","","","","","",""
"8 ","C2011","6976627610301 ","肉桂","","150g","福建武夷山","盒","18 ","99,000","600¥","1,200,000","采用中火，  桂皮味强烈，  后段熟果香持续，  清晰度高，  滋味
感丰富。  茶叶干茶条索紧洁乌润，  标准的桂皮香和浓郁的花
果香交替呈现，  啜茶品饮，  感受到的是烫稠水滑，  香气细柔
。","Rp450,000","Rp600,000","","","","","","","","","","",""
"9 ","C2012","6976627610196 ","肉桂","","250g","福建武夷山","盒","30 ","39,000","450¥","900,000","果香明显且馥郁悠长，  汤感饱满回甘快，   山场韵味持久。  采
用传统的炭焙工艺文火慢炖，  茶汤橙红透亮，  香气张扬，  桂
皮香、  果香明显且馥郁悠长，  汤感饱满回甘快，  香气落水，
滋味醇厚。","Rp337,500","Rp450,000","","","","","","","","","","",""
"10 ","C2021","6976627610028 ","水仙","","150g","福建武夷山","盒","18 ","99,000","600¥","1,200,000","干茶条索乌褐油润，  兰花香气明显，  同时这股兰花香溶于汤
水之中，  存于杯底，  而不是浮于表面。  汤感醇厚顺滑带有果
胶感冲泡后的汤色明亮澄黄，   口感醇厚爽滑，  余味甘甜持久
。","Rp450,000","Rp600,000","","","","","","","","","","",""
"11 ","C2022","6976627610042 ","水仙","","250g","福建武夷山","盒","30 ","39,000","450¥","900,000","茶干条索肥壮，  叶脉宽大；  醇和干爽，   口齿生津，  带炭火香
。条索紧结，  叶片完整；  茶质过硬，  茶叶吸水后舒展开来，
茶汤滤出迅速，  浓度均匀，  香气馥郁，  层次丰富。   口感醇厚
爽滑，  余味回甘。  独特的花香浓郁，  带着淡淡的果香，  仿佛
置身于花海之中。  产自武夷山高海拔山场，  得天独厚的土壤
和气候条件赋予了水仙茶独特的品质。","Rp337,500","Rp450,000","","","","","","","","","","",""
"12 ","C2031","6976627610172 ","大红袍","","150g","福建武夷山","盒","18 ","99,000","600¥","1,200,000","茶叶外形优美，  条索紧结，  墨绿中带有红褐色调。  冲泡后的
茶汤红褐明亮，  透彻清澈。饮之，   口感醇厚，  甜润回味。  大
红袍，  香气馥郁，  花果香饱满，  入口生津，  韵味长。  滋味甘
甜可口，  细腻醇和，  无论从香、  水、  韵都非常均衡。","Rp450,000","Rp600,000","","","","","","","","","","",""
"13 ","C2032","6976627610202 ","大红袍","","250g","福建武夷山","盒","30 ","39,000","450¥","900,000","纯种大红袍，  栀子花香，   山场气息突出，  入口香而不腻，  回
味无穷。   花香浓郁，  香高水细，  有层次感，  叶片软亮匀齐，
色泽油润鲜活，  杯底留
香，  久泡犹存，  花果香饱满，  入口生津，  茶汤橙黄，  韵味长
。","Rp337,500","Rp450,000","","","","","","","","","","",""
"14 ","C2033","6976627610012 ","大红袍","","8.3g*30泡","福建武夷山","盒","30 ","29,000","150¥","300,000","茶叶的烘焙时间和温度适中，  既保留了茶叶原有的香气和味
道，  又让茶叶逐渐释放出新的风味。  因此，  中火醇香大红袍
的口感十分醇厚，  茶汤鲜爽，  回甘明显。  其叶底匀亮，  茶汤
橙黄至红褐色，  散发着独特的岩香。  茶汤的口感柔滑，  回甘
强，  且经久耐泡。  在品饮过程中，  可以感受到其高香持久，
滋味醇厚鲜爽。  大众适配度较高的口粮茶。","Rp112,500","Rp150,000","","","","","","","","","","",""
"15 ","2088 ","6976627610844 ","臻品","","8.5g*6泡","福建武夷山","盒","6 ","900,000","1200¥","2,700,000","马头岩肉桂：  生长在岗上的茶，  以致香气张扬，  入口果子香
明显，  辛锐敢强，  回甘明显，  岩韵强，  从外形看，  条索紧
结，  色泽乌润，  汤色清透明亮无杂质，  尾泡仍有肉桂的本味
与甜味；
慧苑老枞：  三坑两涧之一慧苑坑中，  有着百年树龄的老树，
在其滋味中有着岁月的味道--木质味，  它香气浓郁而持久，
入口醇厚绵柔，  喉韵足，  木质味明显，  且耐冲泡(18冲)；
九龙窠大红袍：  犹如长龙的地理环境，  展现了丰富的滋味和
香气，  入口之后汤感顺滑，  滋味甘甜，  韵味悠长，   口腔内有
丝丝清凉的感觉，  茶汤清透，  前几泡花香明显，  随后逐渐变
为淡雅   整体感觉柔和细腻    富有内涵","Rp1,012,500","Rp1,350,000","","","","","","","","","","",""
"16 ","","6976627611322 ","岩韵 大红袍","","8.5g*6泡","福建武夷山","盒","6 ","39,000","","398,000","岩韵大红袍入口醇厚顺滑，茶汤饱满不刺激，中段逐渐显现出武夷岩茶特有的“岩韵”，带有淡淡的矿物感和山场气息，滋味沉稳而有厚度。香气以焙火香为主，融合花香与熟果香，层次丰富但不张扬，留香持久。茶汤呈橙红或琥珀色，回甘明显，喉韵深长，饮后口腔和喉咙中留有自然甘甜，耐泡度高，整体风格稳重、内敛，适合慢慢品饮，感受其醇和与韵味。","Rp199,000","","","","","","","","","","","",""
"17 ","","6972834492051 ","陈皮白茶 2014  ","","30g*6泡","福建福鼎","盒","6 ","39,000","","750,000","2014年陈皮白茶茶性温润柔和，入口清甜顺滑，几乎不苦不涩，白茶的清雅与陈皮的甘香相互融合。前段带有淡淡的蜜甜与花香，中后段逐渐转为陈皮特有的柑香、药香与木质香，茶汤细腻醇和，层次分明。随着年份陈化，滋味更加圆润饱满，回甘持久，喉咙舒适清爽，整体风格温和耐喝，既有白茶的清润，又兼具陈皮的暖润与沉稳，适合日常慢饮。","Rp300,000","","","","","","","","","","","",""
"18 ","","6974176681339 ","老白茶","","30g*6泡","福建福鼎","盒","6 ","Rp39,000","","750,000","经过自然陈化，茶性温和顺顺，入口柔滑甘甜，几乎没有刺激感。茶汤清润中带着醇厚感，前段有淡淡的蜜甜与干果香，中后段逐渐显现出老白茶特有的陈香、枣香与木质香气，滋味沉稳而细腻。回甘持久，喉咙舒适清爽，越泡越柔和，耐泡度好，整体风格温润内敛，适合日常饮用或静心慢品。","Rp300,000","","","","","","","","","","","",""